snapshot_date,breakdown,group,sample_size,dmarc_reject,dmarc_quarantine,dmarc_none,dmarc_missing,dmarc_enforced_percent,spf_hard,spf_soft,spf_neutral,spf_missing
2026-10-01,all,Top 100K,89883,19570,16405,20636,33272,40.02,29574,34252,3730,22327
2026-10-01,popularity,Top 1K,817,407,165,110,135,70.01,396,262,49,110
2026-10-01,popularity,1K – 10K,7852,2406,1678,1533,2235,52.01,2975,2953,384,1540
2026-10-01,popularity,10K – 100K,81214,16757,14562,18993,30902,38.56,26203,31037,3297,20677
2026-10-01,mail_provider,Google,19951,5162,5265,6211,3313,52.26,5147,12336,723,1745
2026-10-01,mail_provider,Microsoft 365,12837,4049,3796,3743,1249,61.11,8151,4209,372,105
2026-10-01,mail_provider,Proofpoint,2998,1912,435,557,94,78.29,1383,1487,89,39
2026-10-01,mail_provider,Mimecast,1464,619,388,364,93,68.78,621,628,193,22
2026-10-01,mail_provider,Cloudflare,1132,144,94,383,511,21.02,86,1036,3,7
2026-10-01,mail_provider,Yandex,997,122,177,263,435,29.99,73,493,351,80
2026-10-01,mail_provider,Zoho,864,98,114,276,376,24.54,112,697,15,40
2026-10-01,mail_provider,Tencent,669,31,39,107,492,10.46,62,374,8,225
2026-10-01,mail_provider,Namecheap,639,5,2,17,615,1.10,3,537,3,96
2026-10-01,mail_provider,Amazon SES,605,109,196,157,143,50.41,143,294,12,156
2026-10-01,mail_provider,Cisco Secure Email,465,215,106,124,20,69.03,247,197,16,5
2026-10-01,mail_provider,Alibaba Cloud,425,21,45,62,297,15.53,357,28,4,36
2026-10-01,mail_provider,Self-hosted,12033,2118,2534,3538,3843,38.66,4957,5212,641,1223
2026-10-01,tld,.com,40911,9508,7518,8948,14937,41.62,12593,16343,1389,10586
2026-10-01,tld,.net,4801,650,556,932,2663,25.12,1282,1563,206,1750
2026-10-01,tld,.org,4299,891,866,1132,1410,40.87,1388,1824,227,860
2026-10-01,tld,.ru,3269,674,690,702,1203,41.73,1015,1358,379,517
2026-10-01,tld,.de,1999,464,421,649,465,44.27,997,686,121,195
2026-10-01,tld,.jp,1794,193,230,833,538,23.58,319,1117,48,310
2026-10-01,tld,.io,1490,329,297,317,547,42.01,418,627,45,400
2026-10-01,tld,.br,1432,299,366,441,326,46.44,695,513,40,184
2026-10-01,tld,.uk,1260,433,340,288,199,61.35,553,531,56,120
2026-10-01,tld,.in,1235,309,264,224,438,46.40,439,431,38,327
2026-10-01,tld,.cn,1204,44,92,138,930,11.30,393,156,12,643
2026-10-01,tld,.fr,983,244,193,342,204,44.46,456,374,70,83
2026-10-01,tld,.it,859,165,192,315,187,41.56,382,360,36,81
2026-10-01,tld,.edu,832,231,257,327,17,58.65,260,457,107,8
2026-10-01,tld,.co,761,157,181,156,267,44.42,214,314,29,204
