snapshot_date,sample_size,provider,slug,domains,share_percent
2026-10-01,71737,Google,google,20578,28.69
2026-10-01,71737,Microsoft 365,microsoft-365,13262,18.49
2026-10-01,71737,Self-hosted,self-hosted,13218,18.43
2026-10-01,71737,Proofpoint,proofpoint,3088,4.30
2026-10-01,71737,Mimecast,mimecast,1491,2.08
2026-10-01,71737,Cloudflare,cloudflare,1220,1.70
2026-10-01,71737,Yandex,yandex,1053,1.47
2026-10-01,71737,Amazon SES,amazon-ses,923,1.29
2026-10-01,71737,Zoho,zoho,915,1.28
2026-10-01,71737,Namecheap,namecheap,733,1.02
2026-10-01,71737,Tencent,tencent,714,1.00
2026-10-01,71737,Cisco Secure Email,cisco-secure-email,485,0.68
2026-10-01,71737,Alibaba Cloud,alibaba-cloud,476,0.66
2026-10-01,71737,mailgun.org,mailgun.org,387,0.54
2026-10-01,71737,VK (Mail.ru),vk-mail-ru,357,0.50
2026-10-01,71737,GoDaddy,godaddy,339,0.47
2026-10-01,71737,barracudanetworks.com,barracudanetworks.com,299,0.42
2026-10-01,71737,Proton,proton,275,0.38
2026-10-01,71737,OVHcloud,ovhcloud,239,0.33
2026-10-01,71737,messagingengine.com,messagingengine.com,229,0.32
2026-10-01,71737,hostinger.com,hostinger.com,203,0.28
2026-10-01,71737,emailsrvr.com,emailsrvr.com,183,0.26
2026-10-01,71737,netease.com,netease.com,183,0.26
2026-10-01,71737,trendmicro.com,trendmicro.com,178,0.25
2026-10-01,71737,privateemail.com,privateemail.com,171,0.24
2026-10-01,71737,ppe-hosted.com,ppe-hosted.com,169,0.24
2026-10-01,71737,feishu.cn,feishu.cn,151,0.21
2026-10-01,71737,msv1.invalid,msv1.invalid,141,0.20
2026-10-01,71737,mx.microsoft,mx.microsoft,140,0.20
2026-10-01,71737,hornetsecurity.com,hornetsecurity.com,129,0.18
2026-10-01,71737,Broadcom (Symantec),broadcom-symantec,128,0.18
2026-10-01,71737,trendmicro.eu,trendmicro.eu,120,0.17
2026-10-01,71737,Gandi,gandi,113,0.16
2026-10-01,71737,securemx.jp,securemx.jp,107,0.15
2026-10-01,71737,IONOS,ionos,106,0.15
2026-10-01,71737,mgovcloud.in,mgovcloud.in,97,0.14
2026-10-01,71737,above.com,above.com,92,0.13
2026-10-01,71737,beget.com,beget.com,91,0.13
2026-10-01,71737,mxrecord.io,mxrecord.io,84,0.12
2026-10-01,71737,hostedemail.com,hostedemail.com,81,0.11
2026-10-01,71737,mxrecord.mx,mxrecord.mx,78,0.11
2026-10-01,71737,timeweb.ru,timeweb.ru,78,0.11
2026-10-01,71737,dfn.de,dfn.de,76,0.11
2026-10-01,71737,forwardemail.net,forwardemail.net,76,0.11
2026-10-01,71737,sophos.com,sophos.com,74,0.10
2026-10-01,71737,spamexperts.com,spamexperts.com,74,0.10
2026-10-01,71737,spamexperts.eu,spamexperts.eu,72,0.10
2026-10-01,71737,spamexperts.net,spamexperts.net,70,0.10
2026-10-01,71737,improvmx.com,improvmx.com,65,0.09
2026-10-01,71737,163.com,163.com,63,0.09
2026-10-01,71737,amazon.com,amazon.com,62,0.09
2026-10-01,71737,cf-emailsecurity.net,cf-emailsecurity.net,60,0.08
2026-10-01,71737,fireeyecloud.com,fireeyecloud.com,60,0.08
2026-10-01,71737,pickelhost.com,pickelhost.com,59,0.08
2026-10-01,71737,renater.fr,renater.fr,59,0.08
2026-10-01,71737,jellyfish.systems,jellyfish.systems,57,0.08
2026-10-01,71737,mailhostbox.com,mailhostbox.com,56,0.08
2026-10-01,71737,mailspamprotection.com,mailspamprotection.com,55,0.08
2026-10-01,71737,amazonses.com,amazonses.com,53,0.07
2026-10-01,71737,titan.email,titan.email,52,0.07
2026-10-01,71737,icoremail.net,icoremail.net,51,0.07
2026-10-01,71737,ispgateway.de,ispgateway.de,51,0.07
2026-10-01,71737,mailchannels.net,mailchannels.net,51,0.07
2026-10-01,71737,mxrouting.net,mxrouting.net,51,0.07
2026-10-01,71737,larksuite.com,larksuite.com,49,0.07
2026-10-01,71737,migadu.com,migadu.com,48,0.07
2026-10-01,71737,mailanyone.net,mailanyone.net,47,0.07
2026-10-01,71737,mailbox.org,mailbox.org,45,0.06
2026-10-01,71737,your-server.de,your-server.de,45,0.06
2026-10-01,71737,sendgrid.net,sendgrid.net,43,0.06
2026-10-01,71737,arsmtp.com,arsmtp.com,41,0.06
2026-10-01,71737,yahoodns.net,yahoodns.net,41,0.06
2026-10-01,71737,mailcontrol.com,mailcontrol.com,40,0.06
2026-10-01,71737,fortimailcloud.com,fortimailcloud.com,39,0.05
2026-10-01,71737,mx25.net,mx25.net,37,0.05
2026-10-01,71737,reg.ru,reg.ru,36,0.05
2026-10-01,71737,locaweb.com.br,locaweb.com.br,35,0.05
2026-10-01,71737,kagoya.net,kagoya.net,34,0.05
2026-10-01,71737,seznam.cz,seznam.cz,33,0.05
2026-10-01,71737,porkbun.com,porkbun.com,32,0.04
2026-10-01,71737,CSC,csc,31,0.04
2026-10-01,71737,worksmobile.com,worksmobile.com,31,0.04
2026-10-01,71737,facct.ru,facct.ru,30,0.04
2026-10-01,71737,oxcs.net,oxcs.net,30,0.04
2026-10-01,71737,purelymail.com,purelymail.com,30,0.04
2026-10-01,71737,Infomaniak,infomaniak,29,0.04
2026-10-01,71737,iberlayer.com,iberlayer.com,28,0.04
2026-10-01,71737,pair.com,pair.com,28,0.04
2026-10-01,71737,psmtp.com,psmtp.com,28,0.04
2026-10-01,71737,1and1.com,1and1.com,27,0.04
2026-10-01,71737,stackmail.com,stackmail.com,27,0.04
2026-10-01,71737,bund.de,bund.de,26,0.04
2026-10-01,71737,outlook.cn,outlook.cn,26,0.04
2026-10-01,71737,renr.es,renr.es,26,0.04
2026-10-01,71737,alibaba-inc.com,alibaba-inc.com,25,0.03
2026-10-01,71737,email-messaging.com,email-messaging.com,25,0.03
2026-10-01,71737,retarus.com,retarus.com,25,0.03
2026-10-01,71737,expediagroup.com,expediagroup.com,24,0.03
2026-10-01,71737,icloud.com,icloud.com,24,0.03
2026-10-01,71737,education.gouv.fr,education.gouv.fr,23,0.03
2026-10-01,71737,antispameurope.com,antispameurope.com,22,0.03
2026-10-01,71737,no-ip.com,no-ip.com,22,0.03
2026-10-01,71737,register.it,register.it,22,0.03
2026-10-01,71737,rzone.de,rzone.de,22,0.03
2026-10-01,71737,tutanota.de,tutanota.de,22,0.03
2026-10-01,71737,atmailcloud.com,atmailcloud.com,21,0.03
2026-10-01,71737,dreamhost.com,dreamhost.com,21,0.03
2026-10-01,71737,intermailgate.com,intermailgate.com,21,0.03
2026-10-01,71737,vshosting.cloud,vshosting.cloud,21,0.03
2026-10-01,71737,dynadot.com,dynadot.com,20,0.03
2026-10-01,71737,e-i.net,e-i.net,20,0.03
2026-10-01,71737,fortimail.com,fortimail.com,20,0.03
2026-10-01,71737,hostedmxserver.com,hostedmxserver.com,20,0.03
2026-10-01,71737,daum.net,daum.net,19,0.03
2026-10-01,71737,expurgate.net,expurgate.net,19,0.03
2026-10-01,71737,hiworks.co.kr,hiworks.co.kr,19,0.03
2026-10-01,71737,serverdata.net,serverdata.net,19,0.03
2026-10-01,71737,spamfilter.io,spamfilter.io,19,0.03
2026-10-01,71737,hostinger.in,hostinger.in,18,0.03
2026-10-01,71737,hotmail.com,hotmail.com,18,0.03
2026-10-01,71737,sendcloud.org,sendcloud.org,18,0.03
2026-10-01,71737,arubabusiness.it,arubabusiness.it,17,0.02
2026-10-01,71737,esvacloud.com,esvacloud.com,17,0.02
2026-10-01,71737,office365.us,office365.us,17,0.02
2026-10-01,71737,sgict.gov.sg,sgict.gov.sg,17,0.02
2026-10-01,71737,titanhq.com,titanhq.com,17,0.02
2026-10-01,71737,udag.de,udag.de,17,0.02
2026-10-01,71737,carrierzone.com,carrierzone.com,16,0.02
2026-10-01,71737,cybermail.jp,cybermail.jp,16,0.02
2026-10-01,71737,emailsecurity.app,emailsecurity.app,16,0.02
2026-10-01,71737,mailprotect.be,mailprotect.be,16,0.02
2026-10-01,71737,runbox.com,runbox.com,16,0.02
2026-10-01,71737,yunyou.top,yunyou.top,16,0.02
2026-10-01,71737,263.net,263.net,15,0.02
2026-10-01,71737,alltheemails.com,alltheemails.com,15,0.02
2026-10-01,71737,automattic.com,automattic.com,15,0.02
2026-10-01,71737,csof.net,csof.net,15,0.02
2026-10-01,71737,easydns.com,easydns.com,15,0.02
2026-10-01,71737,home.pl,home.pl,15,0.02
2026-10-01,71737,mxthunder.com,mxthunder.com,15,0.02
2026-10-01,71737,mxthunder.net,mxthunder.net,15,0.02
2026-10-01,71737,serviciodecorreo.es,serviciodecorreo.es,15,0.02
2026-10-01,71737,spamhero.com,spamhero.com,15,0.02
2026-10-01,71737,spamhero.net,spamhero.net,15,0.02
2026-10-01,71737,vadesecure.com,vadesecure.com,15,0.02
2026-10-01,71737,ClouDNS,cloudns,14,0.02
2026-10-01,71737,amazonaws.com,amazonaws.com,14,0.02
2026-10-01,71737,bcc.gov.bd,bcc.gov.bd,14,0.02
2026-10-01,71737,cisco.com,cisco.com,14,0.02
2026-10-01,71737,correo.gob.es,correo.gob.es,14,0.02
2026-10-01,71737,dnsv.jp,dnsv.jp,14,0.02
2026-10-01,71737,exacttarget.com,exacttarget.com,14,0.02
2026-10-01,71737,grupawp.pl,grupawp.pl,14,0.02
2026-10-01,71737,innogames.de,innogames.de,14,0.02
2026-10-01,71737,itsfogo.com,itsfogo.com,14,0.02
2026-10-01,71737,mailinblack.com,mailinblack.com,14,0.02
2026-10-01,71737,rambler-co.ru,rambler-co.ru,14,0.02
2026-10-01,71737,lolipop.jp,lolipop.jp,13,0.02
2026-10-01,71737,mtaroutes.com,mtaroutes.com,13,0.02
2026-10-01,71737,onamae.ne.jp,onamae.ne.jp,13,0.02
2026-10-01,71737,spaceweb.ru,spaceweb.ru,13,0.02
2026-10-01,71737,t-mail.io,t-mail.io,13,0.02
2026-10-01,71737,ucozmail.com,ucozmail.com,13,0.02
2026-10-01,71737,wikimedia.org,wikimedia.org,13,0.02
2026-10-01,71737,antispamcloud.com,antispamcloud.com,12,0.02
2026-10-01,71737,corpsmtp.net,corpsmtp.net,12,0.02
2026-10-01,71737,disney.com,disney.com,12,0.02
2026-10-01,71737,hatena.ne.jp,hatena.ne.jp,12,0.02
2026-10-01,71737,heteml.jp,heteml.jp,12,0.02
2026-10-01,71737,loopia.se,loopia.se,12,0.02
2026-10-01,71737,osuosl.org,osuosl.org,12,0.02
2026-10-01,71737,ptwp.pl,ptwp.pl,12,0.02
2026-10-01,71737,recruit.co.jp,recruit.co.jp,12,0.02
2026-10-01,71737,rediris.es,rediris.es,12,0.02
2026-10-01,71737,tbank.ru,tbank.ru,12,0.02
2026-10-01,71737,ukraine.com.ua,ukraine.com.ua,12,0.02
2026-10-01,71737,vk.com,vk.com,12,0.02
2026-10-01,71737,vshosting.eu,vshosting.eu,12,0.02
2026-10-01,71737,bell.ca,bell.ca,11,0.02
2026-10-01,71737,bitdefender.com,bitdefender.com,11,0.02
2026-10-01,71737,corpsmtp.cn,corpsmtp.cn,11,0.02
2026-10-01,71737,fakemx.net,fakemx.net,11,0.02
2026-10-01,71737,fireeyegov.com,fireeyegov.com,11,0.02
2026-10-01,71737,hostedoffice.ag,hostedoffice.ag,11,0.02
2026-10-01,71737,kundenserver.de,kundenserver.de,11,0.02
2026-10-01,71737,mail-gw.de,mail-gw.de,11,0.02
2026-10-01,71737,masterhost.ru,masterhost.ru,11,0.02
2026-10-01,71737,mpssec.net,mpssec.net,11,0.02
2026-10-01,71737,sbnation.com,sbnation.com,11,0.02
2026-10-01,71737,secure-mailgate.com,secure-mailgate.com,11,0.02
2026-10-01,71737,umbler.co.uk,umbler.co.uk,11,0.02
2026-10-01,71737,umbler.in,umbler.in,11,0.02
2026-10-01,71737,eganet.go.tz,eganet.go.tz,10,0.01
2026-10-01,71737,gmo.jp,gmo.jp,10,0.01
2026-10-01,71737,hosts.co.uk,hosts.co.uk,10,0.01
2026-10-01,71737,liara.email,liara.email,10,0.01
2026-10-01,71737,mail.cloud.nospamproxy.com,mail.cloud.nospamproxy.com,10,0.01
2026-10-01,71737,mandrillapp.com,mandrillapp.com,10,0.01
2026-10-01,71737,mxfilter.net,mxfilter.net,10,0.01
2026-10-01,71737,paypalcorp.com,paypalcorp.com,10,0.01
2026-10-01,71737,phdns5.es,phdns5.es,10,0.01
2026-10-01,71737,sdv.fr,sdv.fr,10,0.01
2026-10-01,71737,spacemail.com,spacemail.com,10,0.01
2026-10-01,71737,spamtitan.com,spamtitan.com,10,0.01
2026-10-01,71737,statens-it.dk,statens-it.dk,10,0.01
2026-10-01,71737,suremail.cn,suremail.cn,10,0.01
2026-10-01,71737,telia.net,telia.net,10,0.01
2026-10-01,71737,tmgrup.com.tr,tmgrup.com.tr,10,0.01
2026-10-01,71737,umbler.com,umbler.com,10,0.01
2026-10-01,71737,umbler.com.br,umbler.com.br,10,0.01
2026-10-01,71737,untd.com,untd.com,10,0.01
2026-10-01,71737,zoner.com,zoner.com,10,0.01
2026-10-01,71737,action.group,action.group,9,0.01
2026-10-01,71737,astranet.ru,astranet.ru,9,0.01
2026-10-01,71737,av-mx.com,av-mx.com,9,0.01
2026-10-01,71737,bluetie.com,bluetie.com,9,0.01
2026-10-01,71737,chinaemail.cn,chinaemail.cn,9,0.01
2026-10-01,71737,dpoczta.pl,dpoczta.pl,9,0.01
2026-10-01,71737,hey.com,hey.com,9,0.01
2026-10-01,71737,hh.ru,hh.ru,9,0.01
2026-10-01,71737,ifastnet11.org,ifastnet11.org,9,0.01
2026-10-01,71737,immenzaces.com,immenzaces.com,9,0.01
2026-10-01,71737,klarna.com,klarna.com,9,0.01
2026-10-01,71737,logix.in,logix.in,9,0.01
2026-10-01,71737,mailhop.org,mailhop.org,9,0.01
2026-10-01,71737,mailplug.com,mailplug.com,9,0.01
2026-10-01,71737,maxns.net,maxns.net,9,0.01
2026-10-01,71737,megamailservers.com,megamailservers.com,9,0.01
2026-10-01,71737,mgw.gov.kz,mgw.gov.kz,9,0.01
2026-10-01,71737,mx-hub.cz,mx-hub.cz,9,0.01
2026-10-01,71737,mx-hub.sk,mx-hub.sk,9,0.01
2026-10-01,71737,nazwa.pl,nazwa.pl,9,0.01
2026-10-01,71737,netnames.net,netnames.net,9,0.01
2026-10-01,71737,one.com,one.com,9,0.01
2026-10-01,71737,rediffmailpro.com,rediffmailpro.com,9,0.01
2026-10-01,71737,rtl.de,rtl.de,9,0.01
2026-10-01,71737,rwb.ru,rwb.ru,9,0.01
2026-10-01,71737,secure.ne.jp,secure.ne.jp,9,0.01
2026-10-01,71737,secureintellicentre.net.au,secureintellicentre.net.au,9,0.01
2026-10-01,71737,securence.com,securence.com,9,0.01
2026-10-01,71737,shopmania.net,shopmania.net,9,0.01
2026-10-01,71737,transip.email,transip.email,9,0.01
2026-10-01,71737,twincdn.com,twincdn.com,9,0.01
2026-10-01,71737,vipmailservice.com,vipmailservice.com,9,0.01
2026-10-01,71737,zdmedia.cz,zdmedia.cz,9,0.01
2026-10-01,71737,zoneedit.com,zoneedit.com,9,0.01
2026-10-01,71737,263xmail.com,263xmail.com,8,0.01
2026-10-01,71737,DNS Made Easy,dns-made-easy,8,0.01
2026-10-01,71737,alpha-prm.jp,alpha-prm.jp,8,0.01
2026-10-01,71737,apple.com,apple.com,8,0.01
2026-10-01,71737,armgs.team,armgs.team,8,0.01
2026-10-01,71737,bi.zone,bi.zone,8,0.01
2026-10-01,71737,bitrixsoft.com,bitrixsoft.com,8,0.01
2026-10-01,71737,bpce-it.fr,bpce-it.fr,8,0.01
2026-10-01,71737,centerasecurity.dk,centerasecurity.dk,8,0.01
2026-10-01,71737,daouoffice.com,daouoffice.com,8,0.01
2026-10-01,71737,domeneshop.no,domeneshop.no,8,0.01
2026-10-01,71737,employment.gov.au,employment.gov.au,8,0.01
2026-10-01,71737,forpsi.com,forpsi.com,8,0.01
2026-10-01,71737,iq.pl,iq.pl,8,0.01
2026-10-01,71737,mercateo.com,mercateo.com,8,0.01
2026-10-01,71737,netsolmail.net,netsolmail.net,8,0.01
2026-10-01,71737,parktons.com,parktons.com,8,0.01
2026-10-01,71737,scig.gov.hk,scig.gov.hk,8,0.01
2026-10-01,71737,sina.net,sina.net,8,0.01
2026-10-01,71737,uhserver.com,uhserver.com,8,0.01
2026-10-01,71737,visa.com,visa.com,8,0.01
2026-10-01,71737,wargaming.net,wargaming.net,8,0.01
2026-10-01,71737,123-reg.co.uk,123-reg.co.uk,7,0.01
2026-10-01,71737,1and1.co.uk,1and1.co.uk,7,0.01
2026-10-01,71737,1and1.es,1and1.es,7,0.01
2026-10-01,71737,360.cn,360.cn,7,0.01
2026-10-01,71737,aasaam-mail.ir,aasaam-mail.ir,7,0.01
2026-10-01,71737,ambyrenodes.net,ambyrenodes.net,7,0.01
2026-10-01,71737,cloudfilter.net,cloudfilter.net,7,0.01
2026-10-01,71737,corpemail.net,corpemail.net,7,0.01
2026-10-01,71737,dns.com.cn,dns.com.cn,7,0.01
2026-10-01,71737,dondominio.com,dondominio.com,7,0.01
2026-10-01,71737,dooray.com,dooray.com,7,0.01
2026-10-01,71737,emailowl.com,emailowl.com,7,0.01
2026-10-01,71737,facct.email,facct.email,7,0.01
2026-10-01,71737,faisco.cn,faisco.cn,7,0.01
2026-10-01,71737,flyingcroc.net,flyingcroc.net,7,0.01
2026-10-01,71737,gmoserver.jp,gmoserver.jp,7,0.01
2026-10-01,71737,gmx.net,gmx.net,7,0.01
2026-10-01,71737,gosecure.net,gosecure.net,7,0.01
2026-10-01,71737,hoster.by,hoster.by,7,0.01
2026-10-01,71737,hosteurope.de,hosteurope.de,7,0.01
2026-10-01,71737,mafra.cz,mafra.cz,7,0.01
2026-10-01,71737,mailjet.com,mailjet.com,7,0.01
2026-10-01,71737,mailnode.cc,mailnode.cc,7,0.01
2026-10-01,71737,mx-hub.eu,mx-hub.eu,7,0.01
2026-10-01,71737,mx-hub.net,mx-hub.net,7,0.01
2026-10-01,71737,mxlogic.net,mxlogic.net,7,0.01
2026-10-01,71737,name.com,name.com,7,0.01
2026-10-01,71737,nepal.gov.np,nepal.gov.np,7,0.01
2026-10-01,71737,netim.net,netim.net,7,0.01
2026-10-01,71737,p24.hu,p24.hu,7,0.01
2026-10-01,71737,redhat.com,redhat.com,7,0.01
2026-10-01,71737,rian.ru,rian.ru,7,0.01
2026-10-01,71737,s-web.de,s-web.de,7,0.01
2026-10-01,71737,sge.net,sge.net,7,0.01
2026-10-01,71737,simplelogin.co,simplelogin.co,7,0.01
2026-10-01,71737,spamh.com,spamh.com,7,0.01
2026-10-01,71737,sparkpostmail.com,sparkpostmail.com,7,0.01
2026-10-01,71737,superhosting.cz,superhosting.cz,7,0.01
2026-10-01,71737,synaq.com,synaq.com,7,0.01
2026-10-01,71737,telekom.net,telekom.net,7,0.01
2026-10-01,71737,transip.nl,transip.nl,7,0.01
2026-10-01,71737,uol.com.br,uol.com.br,7,0.01
2026-10-01,71737,wetteronline.de,wetteronline.de,7,0.01
2026-10-01,71737,xserver.jp,xserver.jp,7,0.01
2026-10-01,71737,yelpcorp.com,yelpcorp.com,7,0.01
2026-10-01,71737,1plus1.net,1plus1.net,6,0.01
2026-10-01,71737,Hetzner,hetzner,6,0.01
2026-10-01,71737,agenturserver.de,agenturserver.de,6,0.01
2026-10-01,71737,anonaddy.me,anonaddy.me,6,0.01
2026-10-01,71737,aruba.it,aruba.it,6,0.01
2026-10-01,71737,biz-email.net,biz-email.net,6,0.01
2026-10-01,71737,bloomberg.com,bloomberg.com,6,0.01
2026-10-01,71737,bruere.com,bruere.com,6,0.01
2026-10-01,71737,cafe24.com,cafe24.com,6,0.01
2026-10-01,71737,citi.com,citi.com,6,0.01
2026-10-01,71737,corp-email.cn,corp-email.cn,6,0.01
2026-10-01,71737,earthlink-vadesecure.net,earthlink-vadesecure.net,6,0.01
2026-10-01,71737,expertcity.com,expertcity.com,6,0.01
2026-10-01,71737,forevermail.com,forevermail.com,6,0.01
2026-10-01,71737,glesys.se,glesys.se,6,0.01
2026-10-01,71737,global-mail.cn,global-mail.cn,6,0.01
2026-10-01,71737,haulmer.net,haulmer.net,6,0.01
2026-10-01,71737,hhs.gov,hhs.gov,6,0.01
2026-10-01,71737,hostpoint.ch,hostpoint.ch,6,0.01
2026-10-01,71737,hsmedia.ru,hsmedia.ru,6,0.01
2026-10-01,71737,imena.com.ua,imena.com.ua,6,0.01
2026-10-01,71737,index.or.jp,index.or.jp,6,0.01
2026-10-01,71737,jd.com,jd.com,6,0.01
2026-10-01,71737,junkemailfilter.com,junkemailfilter.com,6,0.01
2026-10-01,71737,kpnmail.nl,kpnmail.nl,6,0.01
2026-10-01,71737,kvnbw.de,kvnbw.de,6,0.01
2026-10-01,71737,lrz.de,lrz.de,6,0.01
2026-10-01,71737,m3xs.net,m3xs.net,6,0.01
2026-10-01,71737,mail-usa.com,mail-usa.com,6,0.01
2026-10-01,71737,mail2world.com,mail2world.com,6,0.01
2026-10-01,71737,mailgw.jp,mailgw.jp,6,0.01
2026-10-01,71737,mailgw.nic.in,mailgw.nic.in,6,0.01
2026-10-01,71737,microsoft.com,microsoft.com,6,0.01
2026-10-01,71737,mlicloud.com,mlicloud.com,6,0.01
2026-10-01,71737,mts.ru,mts.ru,6,0.01
2026-10-01,71737,mx.services,mx.services,6,0.01
2026-10-01,71737,mxlogicmx.net,mxlogicmx.net,6,0.01
2026-10-01,71737,mymailwall.com,mymailwall.com,6,0.01
2026-10-01,71737,net4india.com,net4india.com,6,0.01
2026-10-01,71737,netcore.co.in,netcore.co.in,6,0.01
2026-10-01,71737,ocn.ad.jp,ocn.ad.jp,6,0.01
2026-10-01,71737,overmobile.net,overmobile.net,6,0.01
2026-10-01,71737,plus.pl,plus.pl,6,0.01
2026-10-01,71737,reflected.net,reflected.net,6,0.01
2026-10-01,71737,rt.ru,rt.ru,6,0.01
2026-10-01,71737,sedoc.it,sedoc.it,6,0.01
2026-10-01,71737,skymail.net.br,skymail.net.br,6,0.01
2026-10-01,71737,smi2.ru,smi2.ru,6,0.01
2026-10-01,71737,smtp.goog,smtp.goog,6,0.01
2026-10-01,71737,srv.bnpparibas,srv.bnpparibas,6,0.01
2026-10-01,71737,styria.hr,styria.hr,6,0.01
2026-10-01,71737,swatchgroup.com,swatchgroup.com,6,0.01
2026-10-01,71737,swisscom.com,swisscom.com,6,0.01
2026-10-01,71737,tattoo-pics.org,tattoo-pics.org,6,0.01
2026-10-01,71737,tigertech.net,tigertech.net,6,0.01
2026-10-01,71737,viettelidc.com.vn,viettelidc.com.vn,6,0.01
2026-10-01,71737,vwgroup.com,vwgroup.com,6,0.01
2026-10-01,71737,workspace.org,workspace.org,6,0.01
2026-10-01,71737,x5.ru,x5.ru,6,0.01
2026-10-01,71737,139.com,139.com,5,0.01
2026-10-01,71737,1c.ru,1c.ru,5,0.01
2026-10-01,71737,adobe.com,adobe.com,5,0.01
2026-10-01,71737,airnet.ne.jp,airnet.ne.jp,5,0.01
2026-10-01,71737,altospam.com,altospam.com,5,0.01
2026-10-01,71737,altospam.net,altospam.net,5,0.01
2026-10-01,71737,ced.it,ced.it,5,0.01
2026-10-01,71737,cn4e.com,cn4e.com,5,0.01
2026-10-01,71737,cna.at,cna.at,5,0.01
2026-10-01,71737,conoha.ne.jp,conoha.ne.jp,5,0.01
2026-10-01,71737,cstnet.cn,cstnet.cn,5,0.01
2026-10-01,71737,ctmail.com,ctmail.com,5,0.01
2026-10-01,71737,dingtalk.com,dingtalk.com,5,0.01
2026-10-01,71737,e-purifier.com,e-purifier.com,5,0.01
2026-10-01,71737,easymail.ca,easymail.ca,5,0.01
2026-10-01,71737,emailarray.com,emailarray.com,5,0.01
2026-10-01,71737,embl.de,embl.de,5,0.01
2026-10-01,71737,emecks.com,emecks.com,5,0.01
2026-10-01,71737,ertelecom.ru,ertelecom.ru,5,0.01
2026-10-01,71737,everyone.net,everyone.net,5,0.01
2026-10-01,71737,forwardmx.io,forwardmx.io,5,0.01
2026-10-01,71737,frontbridge.com,frontbridge.com,5,0.01
2026-10-01,71737,fsi.ne.jp,fsi.ne.jp,5,0.01
2026-10-01,71737,goserver.host,goserver.host,5,0.01
2026-10-01,71737,greenradar.com,greenradar.com,5,0.01
2026-10-01,71737,hostinger.com.br,hostinger.com.br,5,0.01
2026-10-01,71737,ibg.bg,ibg.bg,5,0.01
2026-10-01,71737,idwrx.com,idwrx.com,5,0.01
2026-10-01,71737,iiko.ru,iiko.ru,5,0.01
2026-10-01,71737,ik2.io,ik2.io,5,0.01
2026-10-01,71737,inno.tech,inno.tech,5,0.01
2026-10-01,71737,iomartcloud.com,iomartcloud.com,5,0.01
2026-10-01,71737,kering.net,kering.net,5,0.01
2026-10-01,71737,korea.kr,korea.kr,5,0.01
2026-10-01,71737,mail-forwarder.io,mail-forwarder.io,5,0.01
2026-10-01,71737,mailcore.net,mailcore.net,5,0.01
2026-10-01,71737,mailhop.co,mailhop.co,5,0.01
2026-10-01,71737,mailhop.co.uk,mailhop.co.uk,5,0.01
2026-10-01,71737,mailhop.us,mailhop.us,5,0.01
2026-10-01,71737,mailmarshal.cloud,mailmarshal.cloud,5,0.01
2026-10-01,71737,mailwood.com,mailwood.com,5,0.01
2026-10-01,71737,metaquotes.net,metaquotes.net,5,0.01
2026-10-01,71737,mirohost.net,mirohost.net,5,0.01
2026-10-01,71737,monopost.com,monopost.com,5,0.01
2026-10-01,71737,mydevil.net,mydevil.net,5,0.01
2026-10-01,71737,n-able.com,n-able.com,5,0.01
2026-10-01,71737,nastooh.ir,nastooh.ir,5,0.01
2026-10-01,71737,noris.net,noris.net,5,0.01
2026-10-01,71737,nova.es,nova.es,5,0.01
2026-10-01,71737,nspk.ru,nspk.ru,5,0.01
2026-10-01,71737,openwave.ai,openwave.ai,5,0.01
2026-10-01,71737,pangia.biz,pangia.biz,5,0.01
2026-10-01,71737,ppsmtp.com,ppsmtp.com,5,0.01
2026-10-01,71737,sfr.fr,sfr.fr,5,0.01
2026-10-01,71737,smail.eu,smail.eu,5,0.01
2026-10-01,71737,socgen.com,socgen.com,5,0.01
2026-10-01,71737,taxtelecom.ru,taxtelecom.ru,5,0.01
2026-10-01,71737,thinline.cz,thinline.cz,5,0.01
2026-10-01,71737,treasury.gov,treasury.gov,5,0.01
2026-10-01,71737,uc-workd.com,uc-workd.com,5,0.01
2026-10-01,71737,uzmanposta.com,uzmanposta.com,5,0.01
2026-10-01,71737,valtori.fi,valtori.fi,5,0.01
2026-10-01,71737,viamichelin.com,viamichelin.com,5,0.01
2026-10-01,71737,viaprog.eu,viaprog.eu,5,0.01
2026-10-01,71737,w30.email,w30.email,5,0.01
2026-10-01,71737,wedos.org,wedos.org,5,0.01
2026-10-01,71737,whmpanels.com,whmpanels.com,5,0.01
2026-10-01,71737,wien.gv.at,wien.gv.at,5,0.01
2026-10-01,71737,wordpress.com,wordpress.com,5,0.01
2026-10-01,71737,xspmail.jp,xspmail.jp,5,0.01
2026-10-01,71737,zscaler.com,zscaler.com,5,0.01
