snapshot_date,tld,listed_domains,zone_domains,listed_per_100k_zone_domains
2026-10-02,com,108783,0,
2026-10-02,shop,14460,4328260,334.08
2026-10-02,top,9989,6307268,158.37
2026-10-02,net,9003,0,
2026-10-02,xyz,7368,10198341,72.25
2026-10-02,cyou,6717,521214,1288.72
2026-10-02,info,6411,5162386,124.19
2026-10-02,site,5839,1911702,305.43
2026-10-02,live,5571,607686,916.76
2026-10-02,org,5355,12106169,44.23
2026-10-02,sbs,4788,1082867,442.16
2026-10-02,click,4061,881339,460.78
2026-10-02,cc,3755,0,
2026-10-02,cn,3242,0,
2026-10-02,pro,3106,1136097,273.39
2026-10-02,tk,3095,0,
2026-10-02,br,2793,0,
2026-10-02,cfd,2637,606396,434.86
2026-10-02,online,2350,3561536,65.98
2026-10-02,ml,2191,0,
2026-10-02,digital,2172,453550,478.89
2026-10-02,icu,2051,555961,368.91
2026-10-02,pl,2029,0,
2026-10-02,eu,1943,0,
2026-10-02,ru,1926,0,
2026-10-02,in,1843,0,
2026-10-02,ga,1834,0,
2026-10-02,uk,1771,0,
2026-10-02,vip,1751,1958791,89.39
2026-10-02,de,1693,0,
2026-10-02,store,1596,2079675,76.74
2026-10-02,lat,1535,208320,736.85
2026-10-02,cf,1394,0,
2026-10-02,gq,1320,0,
2026-10-02,co,1319,0,
2026-10-02,au,1297,0,
2026-10-02,club,1226,551114,222.46
2026-10-02,vu,1186,0,
2026-10-02,id,1079,0,
2026-10-02,help,982,181992,539.58
2026-10-02,lol,981,1110396,88.35
2026-10-02,mom,978,81862,1194.69
2026-10-02,us,910,0,
2026-10-02,buzz,873,253388,344.53
2026-10-02,fr,800,4574470,17.49
2026-10-02,autos,772,214911,359.22
2026-10-02,me,767,0,
2026-10-02,app,629,1673132,37.59
2026-10-02,es,627,0,
2026-10-02,za,597,0,
2026-10-02,cl,589,0,
2026-10-02,work,525,347996,150.86
2026-10-02,mx,515,0,
2026-10-02,link,514,279948,183.61
2026-10-02,ca,506,0,
2026-10-02,it,500,0,
2026-10-02,life,483,435004,111.03
2026-10-02,biz,477,1302560,36.62
2026-10-02,cloud,445,553147,80.45
2026-10-02,fit,443,89502,494.96
